	M2072C17	M2027C9	H4022C4	M2028C4	H4009C17	H4031C19	C3010C5	P6024C13	E5009C2	H4038C6	P6033C8	M2061C18	M2072C9	C3031C12	M2060C12	C3012C13	H4008C17	C3010C24	P6012C13	C3032C19	H4018C1	H4045C21	M2060C2	M2071C8	H4027C10	P6016C20	M2025C19	H4023C1	C3006C9	P6038C7	M2008C1	M2028C9	C3010C22	H4004C13	M2097C3	H4008C1	C3037C17	M2014C14	M2061C21	M2039C16	H4035C14	H4027C14	H4018C5	M2077C21	H4015C5	P6038C10	C3006C1	P6037C6	C3023C8	P6016C7	H4007C5	C3035C8	H4013C5	M2047C4	C3022C11	M2041C19	M2072C23	P6013C19	H4028C13	H4010C12	M2103C14	H4027C19	P6016C23	C3009C9	H4018C10	M2064C7	M2064C14	C3008C1	P6035C8	E5013C5	H4032C3	M2083C17	C3016C5	P6009C23	H4023C19	E5001C20	H4040C13	H4045C4	M2071C1	C3013C16	M2068C20	P6010C24	M2039C5	P6028C6	C3027C12	H4019C14	M2077C13	C3027C2	E5013C1	P6024C19	P6024C5	C3023C24	H4038C11	C3008C9	M2061C10	E5004C20	H4022C19	M2083C9	C3001C9	M2028C14	M2042C10	C3022C14	H4028C18	M2039C1	C3009C5	C3027C14	M2048C5	C3009C18	P6035C3	C3035C6	H4014C5	C3027C19	H4010C24	H4040C1	H4019C9	M2034C5	M2061C3	C3017C20	P6028C10	C3028C15	H4032C10	C3002C5	H4038C21	H4015C23	C3021C9	H4001C13	H4019C6	M2085C12	C3004C5	H4004C3	C3001C1	H4014C9	C3023C13	M2027C5	C3031C15	H4010C4	M2071C6	P6005C5	M2028C20	C3015C5	H4035C23	C3015C10	P6014C14	P6009C8	C3034C15	M2061C23	M2079C1	C3003C5	M2097C5	C3010C9	M2008C19	C3027C24	H4016C19	C3012C24	P6005C16	P6035C16	H4038C2	C3016C23	H4045C6	C3015C20	H4018C13	C3005C9	C3011C11	H4001C9	C3013C5	M2068C5	H4039C1	M2026C2	H4023C23	M2084C1	H4024C17	H4006C23	C3002C14	H4042C3	M2047C1	C3022C19	H4013C22	C3028C11	H4020C23	P6028C2	H4032C20	C3017C17	H4016C9	M2085C10	M2026C10	M2027C14	M2064C9	M2047C19	H4014C1	P6035C11	P6018C4	C3029C9	P6013C2	H4035C5	C3009C24	H4010C14	P6005C9	H4006C4	H4035C11	M2008C14	C3022C23	P6016C9	C3030C15	H4015C19	H4020C9	P6018C19	M2026C4	H4006C9	M2061C14	H4019C24	M2008C22	M2085C1	M2064C16	C3003C14	C3032C8	E5001C1	M2041C24	M2014C9	H4015C2	C3004C19	H4009C5	M2097C17	M2079C14	C3016C1	M2048C1	M2083C7	P6010C5	P6024C9	H4016C1	H4018C24	H4010C8	C3022C1	M2075C1	H4043C17	P6010C20	C3009C15	E5009C13	H4022C8	M2041C9	M2075C9	H4024C3	E5001C16	H4001C18	H4007C9	H4030C6	H4039C18	M2079C9	M2021C17	M2085C17	H4013C18	M2028C1	H4027C2	H4035C3	M2047C22	C3001C20	C3021C19	H4031C14	C3022C5	M2068C13	M2026C21	C3021C14	M2034C14	M2077C3	M2077C1	M2083C4	M2075C4	H4009C9	M2041C1	H4044C21	H4004C24	P6018C9	C3008C4	P6009C14	P6028C17	M2069C15	P6038C1	C3016C17	M2069C9	E5013C9	M2034C10	H4017C1	M2068C9	M2041C4	C3005C15	E5004C14	M2027C1	M2069C3	P6010C14	H4030C3	C3037C11	C3017C9	C3023C5	C3016C19	M2084C5	C3035C20	M2077C16	C3012C9	C3016C9	H4013C9	C3021C2	P6038C19	H4009C1	P6012C4	M2071C12	H4020C6	C3010C13	P6010C2	M2097C15	H4020C17	C3032C3	P6013C10	H4039C10	C3011C23	H4007C1	H4045C19	M2042C15	M2077C9	M2079C5	C3004C9	M2085C4	H4040C5	C3012C1	H4045C14	M2042C22	P6018C15	M2084C19	E5013C20	C3002C17	M2069C5	E5001C11	M2014C3	H4018C19	H4004C19	H4014C20	H4024C19	H4015C14	C3037C3	H4038C18	E5013C12	M2079C21	C3030C1	M2021C5	C3035C22	H4035C7	M2027C17	H4019C1	H4032C13	C3001C5	M2084C24	M2026C14	C3017C5	H4008C9	C3002C9	H4023C14	M2083C19	M2075C19	C3004C1	P6013C14	H4001C7	C3003C19	C3011C1	C3004C15	M2072C14	C3012C21	M2085C19	M2064C21	H4024C21	H4022C15	P6010C8	M2069C21	H4006C19	C3031C10	H4013C14	C3013C9	C3037C8	M2042C5	H4031C9	C3023C18	H4008C5	C3027C5	H4013C1	H4014C14	C3030C9	H4035C18	P6038C13	H4030C11	M2048C15	H4020C3	H4028C15	H4023C6	H4022C1	H4040C23	H4008C14	C3011C9	P6005C24	C3032C6	M2085C21	P6016C3	H4014C24	C3031C7	M2034C17	C3006C19	C3029C19	H4042C1	H4015C9	M2072C6	H4032C7	P6009C1	P6018C24	C3001C15	P6037C2	C3034C1	C3012C4	H4019C19	C3017C24	P6012C1	M2025C9	H4016C24	C3013C20	H4009C13	M2014C19	H4006C14	C3011C5	M2060C14	H4001C4	H4043C19	M2069C19	H4010C6	H4031C5	H4017C20	C3013C1	H4010C1	M2021C3	C3005C19	E5009C9	M2042C1	E5009C6	P6016C14	H4017C14	H4017C5	H4044C1	H4030C16	C3010C1	E5004C9	C3028C3	H4038C24	M2025C1	P6005C1	M2014C5	C3017C1	H4016C5	P6025C9	E5004C4	M2039C24	P6005C20	M2084C8	M2039C10	C3006C14	C3015C1	M2071C4	M2047C14	M2008C6	M2047C11	P6009C19	M2084C13	C3034C5	H4045C1	P6017C12	H4004C9	C3002C1	P6014C17	M2103C2
UNKNOWN	0.0	0.0	0.0	0.0	0.0	0.0	0.0	0.0	0.0	0.0	0.0	0.0	0.0	0.0	0.0	0.0	0.0	0.0	0.0	0.0	0.0	0.0	0.0	0.0	0.0	0.0	0.0	0.0	0.0	0.0	0.0	0.0	0.0	0.0	0.0	0.0	0.0	0.0	0.0	0.0	0.0	0.0	0.0	0.0	0.0	0.0	0.0	0.0	0.0	0.0	0.0	0.0	0.0	0.0	0.0	0.0	0.0	0.0	0.0	0.0	0.0	0.0	0.0	0.0	0.0	0.0	0.0	0.0	0.0	0.0	0.0	0.0	0.0	0.0	0.0	0.0	0.0	0.0	0.0	0.0	0.0	0.0	0.0	0.0	0.0	0.0	0.0	0.0	0.0	0.0	0.0	0.0	0.0	0.0	0.0	0.0	0.0	0.0	0.0	0.0	0.0	0.0	0.0	0.0	0.0	0.0	0.0	0.0	0.0	0.0	0.0	0.0	0.0	0.0	0.0	0.0	0.0	0.0	0.0	0.0	0.0	0.0	0.0	0.0	0.0	0.0	0.0	0.0	0.0	0.0	0.0	0.0	0.0	0.0	0.0	0.0	0.0	0.0	0.0	0.0	0.0	0.0	0.0	0.0	0.0	0.0	0.0	0.0	0.0	0.0	0.0	0.0	0.0	0.0	0.0	0.0	0.0	0.0	0.0	0.0	0.0	0.0	0.0	0.0	0.0	0.0	0.0	0.0	0.0	0.0	0.0	0.0	0.0	0.0	0.0	100.0	0.0	0.0	0.0	0.0	0.0	0.0	0.0	0.0	0.0	0.0	0.0	0.0	0.0	0.0	0.0	0.0	0.0	0.0	0.0	0.0	0.0	0.0	0.0	0.0	0.0	0.0	0.0	0.0	0.0	0.0	0.0	0.0	0.0	0.0	0.0	0.0	0.0	0.0	0.0	0.0	0.0	0.0	0.0	0.0	0.0	0.0	0.0	0.0	0.0	0.0	0.0	0.0	0.0	0.0	0.0	0.0	0.0	0.0	0.0	0.0	0.0	0.0	0.0	0.0	0.0	0.0	0.0	0.0	0.0	0.0	0.0	0.0	0.0	0.0	0.0	0.0	0.0	0.0	0.0	0.0	0.0	0.0	0.0	0.0	0.0	0.0	0.0	0.0	0.0	0.0	0.0	0.0	0.0	0.0	0.0	0.0	0.0	100.0	0.0	0.0	0.0	0.0	0.0	0.0	0.0	0.0	0.0	0.0	0.0	0.0	0.0	0.0	0.0	0.0	0.0	0.0	0.0	0.0	0.0	0.0	0.0	0.0	0.0	0.0	0.0	0.0	0.0	0.0	0.0	0.0	0.0	0.0	0.0	0.0	0.0	0.0	0.0	0.0	0.0	0.0	0.0	0.0	0.0	0.0	0.0	0.0	0.0	0.0	0.0	0.0	0.0	0.0	0.0	0.0	0.0	0.0	0.0	0.0	0.0	0.0	0.0	0.0	0.0	0.0	0.0	0.0	0.0	0.0	0.0	0.0	0.0	0.0	0.0	0.0	0.0	0.0	0.0	0.0	0.0	0.0	0.0	0.0	0.0	0.0	0.0	0.0	0.0	0.0	0.0	0.0	0.0	0.0	0.0	0.0	0.0	0.0	0.0	0.0	0.0	0.0	0.0	0.0	0.0	0.0	0.0	0.0	0.0	0.0	0.0	0.0	0.0	0.0	0.0	0.0	0.0	0.0	0.0	0.0	0.0	0.0	0.0	0.0	0.0	0.0	0.0	0.0	0.0	0.0	0.0	0.0	0.0	0.0	0.0	0.0	0.0	0.0	0.0	0.0	0.0	0.0	0.0	0.0	0.0	0.0	0.0	0.0	0.0	0.0	0.0	0.0	0.0	0.0	0.0	0.0	0.0	0.0	0.0	0.0	0.0	0.0	0.0	0.0	0.0	0.0	0.0	0.0	0.0	0.0	0.0	0.0	0.0	0.0	0.0	0.0	0.0	0.0	0.0	0.0	0.0	0.0	0.0	0.0	0.0	0.0	0.0	0.0	0.0	0.0	0.0	0.0	0.0	0.0	0.0	0.0	0.0	0.0
k__Archaea|p__Euryarchaeota	0.0	0.0	0.0	0.0	0.0	0.0	0.0	0.0	0.0	0.0	0.0	2.6341	0.0	0.0	0.41678999999999994	0.0	0.0	0.0	0.0	0.63398	0.0	0.0	0.22935	0.0	0.0	0.0	0.0	0.0	0.0	0.0	0.0	0.0	0.0	0.0	0.0	0.0	0.0	0.0	0.0	0.0	0.0	0.0	0.0	0.0	0.0	0.0	0.0	0.0	0.0	0.0	0.0	0.0	0.0	0.0	0.0	0.0	0.0	0.0	0.0	0.0	0.0461	0.0	0.0	0.0	0.0	0.60443	0.33335	0.0	0.0	0.00078	0.0	0.0	0.0	0.0	0.0	0.0	0.0	0.0	0.0	0.0	0.0	0.0	0.0	0.0	0.0	0.0	0.0	0.0	0.0	0.0	0.0	0.0	0.0	0.0	0.6815899999999999	0.0	0.0	0.0	0.0	0.0	0.0	0.0	0.0	0.0	0.0	0.0	0.00511	0.0	0.0	0.0	0.0	0.0	0.0	0.0	0.0	0.0	0.056979999999999996	0.0	0.0	0.0	0.0	0.0	0.0	0.0	0.0	0.0	0.0	0.0	0.0	0.0	0.0	0.0	0.0	0.0035700000000000003	0.0	0.0	0.0	0.0	0.0	0.0	0.0	0.0	0.0	0.0	0.0	0.02414	0.0	0.0	0.0	0.0	0.0	0.0	0.0	0.0	0.0	0.0	0.0	0.0	0.0	0.0	0.0	0.0	0.0	0.0	0.0	0.0	0.0	0.0	0.0	0.0	0.52249	0.0	0.0	0.0	0.0	0.0	0.0	0.0	0.0	0.0	0.0	0.0	0.0	0.0	0.0	0.0	0.18502000000000002	0.0	0.0	0.0	0.0	0.0	0.0	0.0	0.0	0.0	0.0	0.0	0.0	0.0	0.0	0.0	0.0	0.0	0.0	0.0	0.0	0.0	0.14376	0.71095	0.0	0.0	4.7068900000000005	0.0	1.3859700000000001	0.0	0.0	0.0	0.0	0.0	0.0	0.0	0.0	0.0	0.0	0.0	0.0	0.0	0.0	0.0	0.0	0.0	0.0	0.0	0.0	0.0	0.0	0.0	0.0	0.0	0.0	0.0	0.0	0.0	0.0	0.0	0.0	0.0	0.0	0.0	0.0	0.0	0.0	0.0	0.0	0.0	0.0	0.0	0.0	0.0	0.0	0.0	0.0	0.0	0.0	0.0	0.0	0.0	0.0	0.0	0.0	0.0	0.0	0.0	0.0	0.0	0.0	0.0	0.0	0.0	0.0	0.0	0.0	0.0	0.0	0.0	0.0	0.0	0.0	0.0	0.0	0.0	0.0	0.0	0.0	0.0	0.0	0.0	0.0	0.0	0.0	0.0	0.0	0.0	0.0	0.0	0.0	0.0	0.0	1.0126	0.0	0.0	0.0	0.0	0.0	0.48034	0.0	0.0	0.0	0.0	0.0	0.0	0.0	0.013869999999999999	0.0	0.0	0.0	0.0	0.0	0.0	0.0	0.0	0.0	0.0	0.09856000000000001	0.0	0.0	0.0	0.0	0.0	0.0	0.0	0.0	0.0	0.0	0.0	0.0	0.0	0.0	0.0	0.0	0.0	0.0	0.0	0.0	0.0	0.0	0.0	0.0	0.0	0.0	0.0	0.0	0.0	0.0	0.0	0.43762	0.0	0.0	0.0	0.0	0.0	0.0	0.0	0.0	0.02219	0.0	0.0	0.0	0.0	0.0	0.0	0.0	0.0	0.0	0.0	0.0	0.0	0.0	0.0	0.0	0.0	0.0	0.0	0.0	0.0	0.0	0.0	0.0	0.0	0.0	0.0	0.0	0.0	0.0	0.0	0.0	0.0	0.0	0.0	0.0	0.0	0.0	0.07364	0.0	0.0	0.0	0.0	0.0	0.0	0.0	0.0	0.0	0.11798	0.0	0.0	0.0	0.0	0.0	0.0	0.0	0.0	0.0	0.0	0.0	0.0	0.0	0.1505	0.0	0.0	0.0	0.0	0.0	0.0	0.0	0.0	0.0	0.0	0.0	0.0	0.0	0.0	0.0	0.0	0.0	0.0	0.0	0.0	0.0	0.0	0.0	0.0	0.0	0.0	0.0	0.0	0.0	0.0	0.0	0.0	0.0	0.02348
k__Bacteria|p__Actinobacteria	0.13682	0.0	0.20742	0.03519	0.17113	0.52442	0.0	0.016569999999999998	0.5210100000000001	0.02717	0.0	0.34485	0.08277000000000001	0.045989999999999996	2.24546	0.13518	3.7213	0.10727	0.01923	0.6538	0.21006	1.07918	1.6780599999999999	0.27111	0.12793	3.0922	0.006379999999999999	0.38045999999999996	0.17704	0.47563999999999995	0.6767	0.0	0.38876	0.17005	0.0	4.826890000000001	0.0509	0.74256	0.18745	0.0022199999999999998	0.65367	1.13973	0.01144	0.17436	0.5012300000000001	0.60147	0.15959	0.08161	0.07422000000000001	0.82539	0.35375	1.5116	0.0	6.9873899999999995	0.0	0.05729	0.13314	0.13037	0.00606	0.6268199999999999	2.9332	0.27764	0.06726	0.91225	0.46371999999999997	4.17396	1.75327	0.00282	0.13095	0.88645	1.37119	2.8071200000000003	0.016669999999999997	4.39142	0.08927	0.027280000000000002	0.81265	0.22109	0.06304	0.31073	1.4523700000000002	0.37796	0.01149	1.35284	0.0	1.90527	0.0	0.27482	1.53293	0.05649	4.51312	0.01816	0.0	0.16865	0.03257	1.06312	0.061739999999999996	1.56582	0.0	0.00198	0.06816	0.0	0.02399	0.04281	0.48138000000000003	0.23401	0.20081	0.29349000000000003	0.10919000000000001	4.63012	0.8218	0.60459	1.41347	0.54178	1.37589	2.8802	0.01662	0.0015199999999999999	7.78388	0.41195	0.22391	0.06258999999999999	0.0	0.0	0.045610000000000005	0.03942	0.41226999999999997	0.01891	0.1914	0.014830000000000001	0.0	0.5279699999999999	0.0	0.00345	0.28554	1.52843	0.27045	1.21481	0.0	0.07145	1.15733	0.040010000000000004	0.08066	1.4830299999999998	0.24873	0.48812	0.17812	0.01883	0.04249	0.05591	2.54186	0.0069099999999999995	0.11189	0.13792000000000001	0.52966	1.73278	0.0939	0.27983	2.58259	0.013980000000000001	0.77798	0.04609	10.37601	0.17021	2.8736	0.9221799999999999	0.0	0.0	1.4756200000000002	0.030010000000000002	0.7336199999999999	0.64768	0.05248	0.0253	2.8609299999999998	0.0	0.03567	0.011909999999999999	0.05143	0.0	0.09437000000000001	0.07811	0.00617	0.00255	0.0	0.00411	2.72514	1.21993	0.67452	0.51968	3.57948	0.14294	0.15331	4.56232	0.14689000000000002	17.2938	0.9808	0.28603	0.8869100000000001	0.77327	0.0	0.37475	0.24035	0.37265	0.03719	0.9437700000000001	0.0	44.73428	0.18319000000000002	16.66423	2.45518	0.0	1.8590799999999998	0.0	0.030010000000000002	0.03662	0.69487	1.21169	0.28426	1.70933	2.52925	0.04475	0.18963	0.11937	0.1685	0.20307999999999998	0.04081	0.0096	0.0	0.23803000000000002	0.64893	0.03864	0.2934	0.37296	1.80277	0.5757899999999999	0.7053	0.11902	0.7431300000000001	1.06386	1.6839400000000002	0.04648	0.38516	0.21943000000000001	0.00982	0.7295699999999999	0.036039999999999996	0.01042	0.0	0.19132000000000002	0.00635	0.28786999999999996	1.42812	6.43609	0.0	0.01999	0.55979	0.0	2.1137900000000003	0.0	0.0	0.2604	0.01602	0.0044399999999999995	0.0	0.23435	0.44066000000000005	2.62628	0.07831	0.31216	1.76122	0.19288	0.37324	0.0	0.0	0.6157100000000001	0.0	0.0	0.017830000000000002	2.95365	0.01695	1.52859	1.43117	0.01855	0.2779	0.02163	0.01701	1.7261900000000001	0.039639999999999995	0.07602	0.0	0.061070000000000006	0.19103	0.02045	43.15919	0.00118	0.48933000000000004	0.7254	0.0314	0.04102	0.19909000000000002	2.5596	0.06663999999999999	0.33796	0.23717	0.014819999999999998	0.47126999999999997	0.6182	0.27523000000000003	0.0687	0.07758999999999999	0.25245	5.58999	0.14732	1.13685	0.058089999999999996	0.02452	0.08351	0.06327999999999999	0.0	3.54901	0.23117	0.02228	0.00774	1.25565	0.14151	0.16568	0.07434	0.0072900000000000005	0.17464000000000002	0.01241	0.18498	0.65237	0.77937	0.79089	2.8395099999999998	0.37425	0.20853000000000002	0.013890000000000001	0.8024399999999999	0.1826	0.0643	10.141589999999999	2.99005	0.0	4.90193	0.07441	0.0	0.49098	0.0	0.007209999999999999	2.0590900000000003	0.0	0.19874	1.22031	2.0074	0.03583	0.00409	0.17249	0.01175	2.84539	0.06819	0.16904	0.39332	0.09136	1.00662	1.7920200000000002	0.39504	4.01079	0.00549	0.9979899999999999	0.00938	0.010920000000000001	2.10553	0.061189999999999994	0.061829999999999996	0.05004	0.0049700000000000005	1.15222	0.89386	0.03913	0.64872	0.02815	0.9300700000000001	0.6835899999999999	0.0	0.02401	0.03203	0.056420000000000005	0.15557	10.85	0.23348000000000002	0.37183	8.30963	0.5029899999999999	0.0	0.0	0.17004	0.29861	0.04571	0.94886	0.03907	0.30351999999999996	0.09177	51.229	0.04397	1.12029	0.49467	0.71863	0.0	0.71259	0.0	0.09569	15.430710000000001	0.0	0.07207000000000001	0.008140000000000001	0.09037	0.014219999999999998	0.81495	0.46675	0.12365999999999999	11.10192	0.21975	0.0	0.94991	0.03348	0.20774	0.0	2.9877599999999997	0.13577	1.29721	0.37064	0.009309999999999999	0.24404	0.0020399999999999997	0.4015	1.24264	0.00298	0.03406	0.32921	26.622009999999996	0.00922	0.7468600000000001	0.013880000000000002	0.0	0.16516	0.14169	0.09153	0.12069	0.29833000000000004	0.6807	2.75981	0.0	0.23410999999999998	0.29212	0.0	0.16749	0.28884	0.34723000000000004	0.15979000000000002	0.36659	0.9678200000000001	0.8927200000000001	0.04061	0.05786	0.44718	0.14402	0.02901	0.0	0.32363000000000003	1.51193
k__Bacteria|p__Bacteroidetes	85.49938	86.14916	72.55884	86.74311	71.80428	87.2872	74.54386	83.18688	83.11551	90.01791999999999	83.54332	19.42667	76.6056	70.15224	56.68905	71.80265	68.77571	73.93843000000001	68.57259	82.81271	84.47654	43.450390000000006	54.300540000000005	57.99119	90.84011	78.31353	76.93358	74.76099	67.72955999999999	50.83695	95.89747	74.09423000000001	58.420230000000004	93.61109	54.94846999999999	65.43906	76.48803000000001	67.8539	42.70577	91.92829	69.76695	79.22509000000001	96.22523000000001	75.29475	63.15833000000001	70.19259	79.97195	79.17158	43.648959999999995	80.69393000000001	75.44128	68.40006	63.563340000000004	18.406	62.193709999999996	88.45078000000001	47.97728	90.55421	92.3564	72.22381	36.95639	79.60792	76.49708000000001	5.22357	93.35311	27.809079999999998	56.07374	79.44594000000001	87.88543	82.58688000000001	58.26945	33.88038	81.22122	83.26883000000001	93.5369	79.23692	82.79255	69.50676999999999	83.89639	91.50323	68.54042	31.648629999999997	98.76061	0.0	87.21763	62.62451	86.73149000000001	80.16513	77.30109	76.29813	8.78991	73.48425	92.96803	62.26193000000001	58.426109999999994	89.25335	62.44784	63.01774	82.35568	85.96321999999999	90.65801	72.79420999999999	84.77499	67.66521999999999	0.0	91.68998	42.12112	0.0	90.51076	50.412440000000004	77.87431	74.69339000000001	37.73751	83.13436999999999	53.42046	0.03863	68.38074	87.95008	0.00344	67.94593	83.84344	92.56678000000001	96.48644	0.0	72.38557	96.39692	87.60906999999999	84.92671	86.90685	87.8424	84.06638000000001	52.909819999999996	80.80285	95.9392	79.94665	77.11401	83.55117	69.77788000000001	88.60602	95.86606	87.62014	93.70532	51.9118	76.39055	78.82409	16.27976	83.94233	75.78366	80.10578000000001	76.29614000000001	76.67562	96.54698	90.34406	62.85675	75.30624	30.838079999999998	91.64023	76.31433	53.176080000000006	88.92189	91.32821	88.59456	10.83553	97.99214	67.88624	74.05369	0.0	88.56509	76.9588	92.82816	88.81206999999999	40.12161	78.51536999999999	89.65972	52.402120000000004	0.0	59.53326	83.17114000000001	85.88135	0.0	88.884	86.12258	97.24332	89.63305	92.33726	89.84274	34.29305	50.938359999999996	51.10402	91.60126	3.48685	63.66295	82.72466999999999	31.00882	0.0	28.111340000000002	83.35025	19.91021	44.910109999999996	87.75476	75.21021	81.8913	27.173640000000002	30.4696	87.60750999999999	0.19647	88.86743	0.0	26.0408	28.95528	82.45994	74.06284000000001	16.169710000000002	82.8645	81.80066	77.446	77.99226999999999	66.97578	83.30775	64.89747	79.42313	97.82463	63.154669999999996	88.41745	83.34425999999999	48.028940000000006	60.94856	87.52206	98.27741999999999	70.46516	91.32051	29.30217	87.05885	88.28659	0.0	0.0	50.99215	67.96038	80.34215	51.32602	80.71025999999999	78.95361	96.15737	88.0882	94.17501	0.41906000000000004	77.89064	86.40293	61.96083	16.85971	74.71099	86.81074	53.66714	30.35725	89.79293	95.88218	85.36802	74.11583	75.80403000000001	91.46333	75.00093000000001	0.57014	89.90287	98.43339	62.0699	56.761630000000004	72.33708	66.66068	91.52369	86.58608000000001	2.38638	93.84794000000001	76.86253	0.0	43.22087	80.44079	90.13124	38.68951	89.52758	0.00033999999999999997	39.24613	86.03376999999999	68.02918000000001	75.25685	89.70199000000001	94.21175	0.0	57.79468000000001	79.8194	82.23461	67.80601	52.894090000000006	67.74602	79.1867	17.35717	83.75858000000001	47.81093	66.70379	88.50583	79.64769	51.45228	68.71602	86.55353000000001	31.79512	88.82588	87.24214	88.63346999999999	69.34414	64.73236	75.4166	88.28415	0.23178	42.27516	84.06026999999999	56.6786	72.67877	91.10001	88.4235	84.12035	39.63093	69.69796	64.93064	92.38729000000001	93.52904000000001	2.61682	52.8091	89.22548	86.40973000000001	0.00695	74.03716	18.617379999999997	95.11126	79.18618000000001	42.56025	88.59514	25.14604	89.54454	84.89478000000001	85.11497	59.97521999999999	57.72325	92.43241	57.073119999999996	43.44576	90.19645	89.45278	72.66004000000001	86.55668	40.02145	88.81133	78.47776999999999	77.35675	84.96141999999999	87.00616	75.96639	34.0293	95.81959	88.59657	95.6321	87.29828	32.77778	85.09022	82.13877	54.16514	48.57375	26.79735	88.83256	80.78799000000001	50.82608	0.0	19.90942	82.34634	43.30923	77.81742	85.14756	91.21518	89.8064	92.75195	54.87501999999999	79.00093000000001	48.15121	37.93825	55.56965	84.49835999999999	58.02843000000001	83.8464	58.78765	93.79666	82.01434	79.27376	63.67746999999999	95.85261	76.66686999999999	20.3854	63.913740000000004	86.91207	59.679069999999996	84.64189	58.3511	59.485969999999995	1.5059799999999999	77.16403000000001	51.85171	88.29411	5.45981	82.49450999999999	88.4685	80.80206	0.71638	87.4299	83.75608000000001	22.20318	60.481609999999996	23.78708	87.12825	60.69831	69.8966	87.0032	93.2268	81.33293	57.32025	59.239940000000004	53.18028	74.52776999999999	92.76082	73.63282	57.231359999999995	49.83258	92.7009	0.16994	59.816469999999995	58.72525	82.29469	66.85065999999999	85.10056999999999	79.98401	83.56923	84.18581999999999	80.54048	77.77275	86.78365	4.42183	82.58436999999999	80.74466	82.98122	92.31523	36.48038	68.45268	29.398740000000004	89.92284000000001	84.69439	75.67109	65.39992	85.31788	83.37616	47.947540000000004	94.27881	86.18675999999999	92.85566	83.50607	37.9261	95.39631	26.083070000000003	39.34769	49.126509999999996	86.13956	71.98473	75.3212	79.34218	95.6901	45.97276	33.56821
k__Bacteria|p__Candidatus_Melainabacteria	0.0	0.0	0.0	0.0	0.0	0.0	0.0	0.0	0.0	0.0	0.0	0.0	0.0	0.0	0.0	0.0	0.0	0.0	0.0	0.62676	0.0	0.0	0.0	0.0	0.0	0.0	0.0	0.0	0.0	0.0	0.0	0.0	0.0	0.0	0.0	0.0	0.0	0.0	0.0	0.0	0.0	0.0	0.0	0.0	0.0	0.0	0.0	0.0	0.0	0.0	0.0	0.0	0.0	0.0	0.0	0.0	0.0	0.0	0.0	0.0	0.0	0.0	0.0	0.0	0.0	0.0	0.0	0.0	0.0	0.0	0.0	0.0	0.0	0.0	0.0	0.0	0.0	0.0	0.0	0.0	0.0	0.0	0.0	0.0	0.0	0.0	0.0	0.0	0.0	0.0	0.0	0.0	0.0	0.0	0.0	0.0	0.0	0.0	0.0	0.0	0.0	0.0	0.0	0.0	0.0	0.0	0.0	0.0	0.0	0.0	0.0	0.0	0.0	0.0	0.0	0.0	0.0	0.0	0.0	0.0	0.0	0.0	0.0	0.0	0.0	0.0	0.0	0.0	0.0	0.0	0.0	0.0	0.0	0.0	0.0	0.0	0.0	0.0	0.0	0.0	0.0	0.0	0.0	0.0	0.0	0.0	0.0	0.0	0.0	0.0	0.0	0.0	0.0	0.0	0.0	0.0	0.0	0.0	0.0	0.0	0.0	0.0	0.0	0.0	0.0	0.0	0.0	0.0	0.0	0.0	0.0	0.0	0.0	0.0	0.0	0.0	0.0	0.0	0.0	0.0	0.0	0.0	0.0	0.0	0.0	0.0	0.0	0.0	0.0	0.0	0.0	0.0	0.0	0.0	0.0	0.0	0.0	0.0	0.0	0.0	0.0	0.0	0.0	0.0	0.0	0.0	0.0	0.0	0.0	0.0	0.0	0.0	0.0	0.0	0.33689	0.0	0.0	0.0	0.0	0.0	0.0	0.0	0.0	0.0	0.0	0.0	0.0	0.0	0.0	0.0	0.0	0.0	0.0	0.0	0.0	0.0	0.0	0.0	0.0	0.0	0.0	0.0	0.0	0.0	0.0	0.0	0.0	0.0	0.0	0.0	0.0	0.0	0.0	0.0	0.0	0.0	0.0	0.0	0.0	0.0	0.0	0.0	0.0	0.0	0.0	0.0	0.0	0.0	0.0	0.0	0.0	0.0	0.0	0.0	0.0	0.0	0.0	0.0	0.0	0.0	0.0	0.0	0.0	0.0	0.0	0.0	0.0	0.0	0.0	0.0	0.0	0.0	0.0	0.0	0.0	0.0	0.0	0.0	0.0	0.0	0.0	0.0	0.0	0.0	0.0	0.0	0.0	0.0	0.0	0.3073	0.0	0.0	0.0	0.0	0.0	0.0	0.0	0.0	0.0	0.0	0.0	0.0	0.0	0.0	0.0	0.0	0.0	0.0	0.0	0.0	0.0	0.0	0.0	0.0	0.0	0.0	0.0	0.0	0.0	0.0	0.0	0.0	0.0	0.0	0.0	0.0	0.0	0.0	0.0	0.0	0.0	0.0	0.0	0.0	0.0	0.0	0.0	0.0	0.0	0.0	0.0	0.0	0.0	0.0	0.0	0.0	0.0	0.0	0.0	0.0	0.0	0.0	0.0	0.0	0.0	0.0	0.0	0.0	0.0	0.0	0.0	0.0	0.0	0.0	0.0	0.0	0.0	0.0	0.0	0.0	0.0	0.0	0.0	0.0	0.0	0.0	0.0	0.0	0.0	0.0	0.0	0.0	0.0	0.0	0.0	0.0	0.0	0.0	0.0	0.0	0.0	0.0	0.0	0.0	0.0	0.0	0.0	0.0	0.0	0.0	0.0	0.0	0.0	0.0	0.0	0.0	0.0	0.0	0.0	0.0	0.0	0.0	0.0	0.0	0.0	0.0	0.0	0.0	0.0	0.0	0.0	0.0	0.0	0.0	0.0	0.0	0.0	0.0	0.0	0.0	0.0	0.0	0.0	0.0	0.0	0.0	0.0	0.0	0.0	0.0	0.0	0.0	0.0	0.0	0.0	0.0	0.0	0.027160000000000004	0.0	0.0	0.0	0.0
k__Bacteria|p__Chlamydiae	0.0	0.0	0.0	0.0	0.0	0.0	0.0	0.0	0.0	0.0	0.0	0.0	0.0	0.0	0.0	0.0	0.0	0.0	0.0	0.0	0.0	0.0	0.0	0.0	0.0	0.0	0.0	0.0	0.0	0.0	0.0	0.0	0.0	0.0	0.0	0.0	0.0	0.0	0.0	0.0	0.0	0.0	0.0	0.0	0.0	0.0	0.0	0.0	0.0	0.0	0.0	0.0	0.0	0.0	0.0	0.0	0.0	0.0	0.0	0.0	0.0	0.0	0.0	0.0	0.0	0.0	0.0	0.0	0.0	0.0	0.0	0.0	0.0	0.0	0.0	0.0	0.0	0.0	0.0	0.0	0.0	0.0	0.0	0.0	0.0	0.0	0.0	0.0	0.0	0.0	0.0	0.0	0.0	0.0	0.0	0.0	0.0	0.0	0.0	0.0	0.0	0.0	0.0	0.0	0.0	0.0	0.0	0.0	0.0	0.0	0.0	0.0	0.0	0.0	0.0	0.0	0.0	0.0	0.0	0.0	0.0	0.0	0.0	0.0	0.0	0.0	0.0	0.0	0.0	0.0	0.0	0.0	0.0	0.0	0.0	0.0	0.0	0.0	0.0	0.0	0.0	0.0	0.0	0.0	0.0	0.0	0.0	0.0	0.0	0.0	0.0	0.0	0.0	0.0	0.0	0.0	0.0	0.0	0.0	0.0	0.0	0.0	0.0	0.0	0.0	0.0	0.0	0.0	0.0	0.0	0.0	0.0	0.0	0.0	0.0	0.0	0.0	0.0	0.0	100.0	0.0	0.0	0.0	0.0	0.0	0.0	0.0	0.0	0.0	0.0	0.0	0.0	0.0	0.0	0.0	0.0	0.0	0.0	0.0	0.0	0.0	0.0	0.0	0.0	0.0	0.0	0.0	0.0	0.0	0.0	0.0	0.0	0.0	0.0	0.0	0.0	0.0	0.0	0.0	0.0	0.0	0.0	0.0	0.0	0.0	0.0	0.0	0.0	0.0	0.0	0.0	0.0	0.0	0.0	0.0	0.0	0.0	0.0	0.0	0.0	0.0	0.0	0.0	0.0	0.0	0.0	0.0	0.0	0.0	0.0	0.0	0.0	0.0	0.0	0.0	0.0	0.0	0.0	0.0	0.0	0.0	0.0	0.0	0.0	0.0	0.0	0.0	0.0	0.0	0.0	0.0	0.0	0.0	0.0	0.0	0.0	0.0	0.0	0.0	0.0	0.0	0.0	0.0	0.0	0.0	0.0	0.0	0.0	0.0	0.0	0.0	0.0	0.0	0.0	0.0	0.0	0.0	0.0	0.0	0.0	0.0	0.0	0.0	0.0	0.0	0.0	0.0	0.0	0.0	0.0	0.0	0.0	0.0	0.0	0.0	0.0	0.0	0.0	0.0	0.0	0.0	0.0	0.0	0.0	0.0	0.0	0.0	0.0	0.0	0.0	0.0	0.0	0.0	0.0	0.0	0.0	0.0	0.0	0.0	0.0	0.0	0.0	0.0	0.0	0.0	0.0	0.0	0.0	0.0	0.0	0.0	0.0	0.0	0.0	0.0	0.0	0.0	0.0	0.0	0.0	0.0	0.0	0.0	0.0	0.0	0.0	0.0	0.0	0.0	0.0	0.0	0.0	0.0	0.0	0.0	0.0	0.0	0.0	0.0	0.0	0.0	0.0	0.0	0.0	0.0	0.0	0.0	0.0	0.0	0.0	0.0	0.0	0.0	0.0	0.0	0.0	0.0	0.0	0.0	0.0	0.0	0.0	0.0	0.0	0.0	0.0	0.0	0.0	0.0	0.0	0.0	0.0	0.0	0.0	0.0	0.0	0.0	0.0	0.0	0.0	0.0	0.0	0.0	0.0	0.0	0.0	0.0	0.0	0.0	0.0	0.0	0.0	0.0	0.0	0.0	0.0	0.0	0.0	0.0	0.0	0.0	0.0	0.0	0.0	0.0	0.0	0.0	0.0	0.0	0.0	0.0	0.0	0.0	0.0	0.0	0.0	0.0	0.0	0.0	0.0	0.0	0.0	0.0	0.0	0.0	0.0	0.0	0.0	0.0	0.0	0.0	0.0
k__Bacteria|p__Cyanobacteria	0.0	0.0	0.0	0.0	0.0	0.0	0.0	0.0	0.0	0.0	0.0	0.0	0.0	0.0	0.0	0.0	0.0	0.0	0.0	0.0	0.0	0.0	0.0	0.0	0.0	0.0	0.0	0.0	0.0	0.0	0.0	0.0	0.0	0.0	0.0	0.0	0.0	0.0	0.0	0.0	0.0	0.0	0.0	0.0	0.0	0.0	0.0	0.0	0.0	0.0	0.0	0.0	0.0	0.0	0.0	0.0	0.0	0.0	0.0	0.0	0.0	0.0	0.0	0.0	0.0	0.0	0.0	0.0	0.0	0.0	0.0	0.0	0.0	0.0	0.0	0.0	0.0	0.0	0.0	0.0	0.0	0.0	0.0	0.0	0.0	0.0	0.0	0.0	0.0	0.0	0.0	0.0	0.0	0.0	0.0	0.0	0.0	0.0	0.0	0.0	0.0	0.0	0.0	0.0	0.0	0.0	0.0	0.0	0.0	0.0	0.0	0.0	0.0	0.0	0.0	0.0	0.0	0.0	0.0	0.0	0.0	0.0	0.0	0.0	0.0	0.0	0.0	0.0	0.0	0.0	0.0	0.0	0.0	0.0	0.0	0.0	0.0	0.0	0.0	0.0	0.0	0.0	0.0	0.0	0.0	0.0	0.0	0.0	0.0	0.0	0.0	0.0	0.0	0.0	0.0	0.0	0.0	0.0	0.0	0.0	0.0	0.0	0.0	0.0	0.0	0.0	0.0	0.0	0.0	0.0	0.0	0.0	0.0	0.0	0.0	0.0	0.0	0.0	0.0	0.0	0.0	0.0	0.0	0.0	0.0	0.0	0.0	0.0	0.0	0.0	0.0	0.0	0.0	0.0	0.0	0.0	0.0	0.0	0.0	0.0	0.0	0.0	0.0	0.0	0.0	0.0	0.0	0.0	0.0	0.0	0.0	0.0	0.0	0.0	0.0	0.0	0.0	0.0	0.0	0.0	0.0	0.0	0.0	0.0	0.0	0.0	0.0	0.0	0.0	0.0	0.0	0.0	0.0	0.0	0.0	0.0	0.0	0.0	0.0	0.0	0.0	0.0	0.0	0.0	0.0	0.0	0.0	0.0	0.0	0.0	0.0	0.0	0.0	0.0	0.0	0.0	0.0	0.0	0.0	0.0	0.0	0.0	0.0	0.0	0.0	0.0	0.0	0.0	0.0	0.0	0.0	0.0	0.0	0.0	0.0	0.0	0.0	0.0	0.0	0.0	0.0	0.0	0.0	0.0	0.0	0.0	0.0	0.0	0.0	0.0	0.0	0.0	0.0	0.0	0.0	0.0	0.0	0.0	0.0	0.0	0.0	0.0	0.0	0.0	0.0	0.0	0.0	0.0	0.0	0.0	0.0	0.0	0.0	0.0	0.0	0.0	0.0	0.0	0.0	0.0	0.0	0.0	0.0	0.0	0.0	0.0	0.0	0.0	0.0	0.0	0.0	0.0	0.0	0.0	0.0	0.0	0.0	0.0	0.0	0.0	0.0	0.0	0.0	0.0	0.0	0.0	0.0	0.0	0.0	0.0	0.0	0.0	0.0	0.0	0.0	0.0	0.0	0.0	0.0	0.0	0.0	0.0	0.0	0.0	0.0	0.0	0.0	0.0	0.0	0.0	0.0	0.0	0.0	0.0	0.0	0.0	0.0	0.0	0.0	0.0	0.0	0.0	0.0	0.0	0.0	0.0	0.0	0.0	0.0	0.0	0.0	0.0	0.0	0.0	0.0	0.0	0.0	0.0	0.0	0.0	0.0	0.0	0.0	0.0	0.0	0.0	0.0	0.0	0.0	0.0	0.0	0.029269999999999997	0.0	0.0	0.0	0.0	0.0	0.0	0.0	0.0	0.0	0.0	0.0	0.0	0.0	0.0	0.0	0.0	0.0	0.0	0.0	0.0	0.0	0.0	0.0	0.0	0.0	0.0	0.0	0.0	0.0	0.0	0.0	0.0	0.0	0.0	0.0	0.0	0.0	0.0	0.0	0.0	0.0	0.0	0.0	0.0	0.0	0.0	0.0	0.0	0.0	0.0	0.0	0.0	0.0	0.0	0.0	0.0	0.0	0.0	0.0	0.0
k__Bacteria|p__Firmicutes	13.69776	13.7112	26.552329999999998	12.686169999999999	13.00376	9.71363	25.3731	12.233260000000001	14.909839999999999	8.38606	16.3763	74.83709	22.9774	26.35023	40.58813	27.997740000000004	25.55903	24.39886	31.38532	10.21193	12.17537	55.200990000000004	43.79204	40.77817	8.13989	18.56478	22.74428	24.22222	29.38366	48.57785	3.2269	24.659010000000002	39.16353	0.35833000000000004	45.0283	27.73756	23.45466	30.760990000000003	45.08225	8.06648	27.438909999999996	18.20368	2.93244	18.76815	35.5369	28.81229	19.47898	18.34344	44.0778	18.01673	23.17002	28.40267	35.45216	73.68224000000001	33.283409999999996	9.71048	51.82359	9.005939999999999	7.34035	26.25553	58.65961	17.59724	23.22154	59.502669999999995	5.3987099999999995	58.823890000000006	25.67698	18.8102	11.94303	16.4131	38.43657	56.974819999999994	16.54969	12.17858	6.02215	20.30108	13.241539999999999	29.86693	15.218689999999999	8.0937	27.2434	67.59151999999999	1.21799	1.33555	11.554089999999999	34.26802	12.98841	16.5469	16.73505	21.07402	7.62323	22.61084	3.8893199999999997	31.2593	37.77496	9.57736	36.4982	33.7712	12.314910000000001	13.21825	9.264439999999999	19.3389	13.132579999999999	32.25253	80.19516	7.617939999999999	56.9729	76.33131	9.37619	42.44729	17.51299	10.85045	59.53746999999999	14.976510000000001	44.8678	82.63677	29.184420000000003	11.947569999999999	38.56329	21.18101	15.222339999999999	6.3200400000000005	3.51356	100.0	26.904040000000002	2.84242	11.67481	14.0511	8.634160000000001	11.36394	15.93084	36.52877	15.0632	3.9262300000000003	17.02975	20.30281	15.669579999999998	28.825640000000003	11.36078	4.0625	10.21238	6.2546800000000005	43.77551	22.08805	19.91231	34.59727	15.6361	24.1955	19.7598	23.34188	20.35647	2.93135	9.52932	36.95278	24.13043	67.12366999999999	4.916530000000001	21.53541	40.52453	11.06413	6.750560000000001	9.07646	78.5353	1.53524	28.687540000000002	25.00763	29.04338	10.97044	19.343989999999998	7.09559	9.83275	58.53309	20.35545	10.2447	43.66263	0.0	38.502520000000004	15.66575	10.36156	0.0	10.53027	13.67097	2.75052	8.068019999999999	7.50155	9.7234	33.71229	47.751670000000004	40.25022	7.84404	88.77167	35.078920000000004	15.2397	62.36233000000001	77.72662	54.43894	15.654060000000001	74.32001	51.379090000000005	11.43641	24.78979	16.838929999999998	52.202329999999996	63.80366	10.28014	98.31432	10.96498	21.47358	69.35499	51.68142	15.084879999999998	25.937160000000002	63.89538	17.05181	14.82734	21.58612	8.37312	31.63427	16.20825	29.47904	14.829720000000002	1.9675200000000002	34.397059999999996	11.1346	16.30725	47.65446	38.725640000000006	10.241430000000001	1.72258	26.50944	6.918660000000001	11.10723	12.4263	11.23583	46.891659999999995	44.265640000000005	48.13725	30.35215	9.88434	47.468759999999996	14.477179999999999	20.02424	2.3559	11.1145	5.39556	96.43604	22.00219	13.24414	34.95152	82.13239	24.30639	11.51317	43.97841	62.737759999999994	8.17373	4.03336	13.02951	18.53096	22.049220000000002	8.51057	24.86191	95.65705	8.34078	1.1598899999999999	27.83557	42.40387	22.65877	8.57778	7.160889999999999	7.86585	90.92133000000001	5.5050099999999995	22.385289999999998	0.0	55.64386	18.81221	9.414	60.766130000000004	9.74553	84.01318	60.7268	12.43765	7.2110199999999995	23.65815	9.7042	5.68551	93.29724	40.18117	19.886120000000002	17.68081	18.10624	34.25495	29.134929999999997	20.60451	36.9961	14.24748	51.6977	29.59248	11.15996	19.9186	48.20244	27.742379999999997	13.22875	67.49779000000001	7.06952	12.235330000000001	10.7811	29.809240000000003	28.78458	22.64875	11.013860000000001	22.14452	51.29677	15.135879999999998	37.65095	26.7828	7.5393	11.456389999999999	11.20067	59.48333	24.51523	34.337720000000004	7.4718	6.40594	92.13009	46.97903	10.04535	13.145229999999998	98.05056	24.235879999999998	69.66681	4.02249	18.1227	25.78826	9.95482	69.16209	9.68994	13.820920000000001	13.43546	35.637029999999996	23.724529999999998	7.50329	31.86536	51.943870000000004	9.68237	5.6453	26.6538	8.63516	59.2263	10.91461	20.06385	18.07874	14.37236	8.93857	21.03725	58.69885	3.4494599999999997	11.00055	3.8208	12.34706	62.42005	13.294720000000002	8.78298	45.387440000000005	44.71083	32.85	8.85008	17.632379999999998	45.08491	99.40661	75.30245	15.27837	54.318509999999996	20.02359	14.76869	8.691	8.0622	4.475230000000001	40.7365	16.32002	51.24009	58.36029	21.52291	10.2564	41.026709999999994	15.09245	41.02628	3.8218699999999997	15.70324	20.322770000000002	24.10202	3.6846400000000004	21.87236	69.89739	35.42625	12.82183	35.700359999999996	14.63291	33.090340000000005	40.203720000000004	91.8775	22.449089999999998	44.74372	11.53755	22.90142	17.30893	9.47412	18.44525	98.1415	8.47371	14.201989999999999	69.60284	39.34395	58.78021	12.746960000000001	39.215509999999995	29.3746	12.8485	6.735530000000001	15.363320000000002	42.0011	39.96568	34.053670000000004	25.107779999999998	4.7881599999999995	25.23517	40.92934	44.61374	5.53008	4.82449	20.07819	34.957640000000005	17.32411	20.976860000000002	14.48355	19.96957	15.20072	14.377120000000001	14.292860000000001	16.889789999999998	10.03157	61.56898	16.37085	18.33212	6.87862	7.67828	57.013169999999995	30.028140000000004	65.73443	9.487119999999999	14.898639999999999	23.461270000000003	31.1965	13.52234	16.350089999999998	51.56728	5.72034	13.57285	6.785989999999999	14.682379999999998	61.87801999999999	4.19203	72.73507	59.578959999999995	50.57955	12.5828	23.47123	16.802789999999998	11.8507	3.8043	53.378730000000004	64.50495
k__Bacteria|p__Fusobacteria	0.0	0.0	0.0	0.0	0.0	0.0	0.0	0.0	0.0	0.0	0.0	0.0	0.0	0.0	0.0	0.0	0.0	0.0	0.0	0.0	0.0	0.0	0.0	0.0	0.0	0.0	0.0	0.0	0.0	0.0	0.08105	0.0	0.0	0.0	0.0	0.0	0.0	0.0	0.0	0.0	0.0	0.0	0.0	0.0	0.0	0.0	0.0	0.0	0.67728	0.0	0.0	0.0	0.0	0.0	0.0	0.0	0.0	0.0	0.0	0.0	0.0	0.0	0.0	3.92784	0.0	0.0	0.0	0.0	0.0	0.0	0.0	0.0	0.0	0.0	0.16296	0.0	0.0	0.0	0.0	0.0	0.0	0.0	0.0	0.0	0.0	0.0	0.0	0.0	0.0	0.0	0.0	0.3484	0.0	0.0	0.0	0.0	0.0	0.0	0.55913	0.0	0.0	0.0	0.0	0.0	0.0	0.0	0.0	0.9702700000000001	0.0	0.0	0.0	0.0	0.0	0.0	0.0	0.0	0.0	0.0	0.0	0.0	0.0	0.0	0.0	0.0	0.0	0.0	0.0	0.0	0.0	0.0	0.0	0.0	0.09929	0.0	0.0	0.0	0.0	0.0	0.0	0.0	0.0	0.0	0.0	0.0	0.0	0.0	0.0	0.0	0.0	0.0	0.0	0.0	0.0	0.0	0.0	0.0	0.0	0.0	0.0	0.0	0.0	0.0	0.0	0.0	0.0	0.0	0.0	0.0	0.022080000000000002	0.0	0.0	0.0	0.0	0.0	0.0	0.0	0.0	0.0	0.0	0.0	0.0	0.0	0.0	0.0	0.0	0.0	0.0	0.0	0.0	0.0	0.0	0.0	0.0	0.0	5.12025	0.0	0.0	0.0	0.0	0.0	0.0	0.0	0.0	0.13362000000000002	0.0	0.0	0.01577	0.0	0.0	0.0	0.0	0.0	0.0	0.0	0.0	0.0	0.01277	0.0	0.0	0.0	0.0	0.0	0.0	0.0	0.0	0.0	0.0	0.0	0.0	0.0	0.0	0.0	0.0	0.0	0.0	7.38289	0.0	0.0	0.05822000000000001	0.0	0.0	0.0	0.0	0.0	0.0	0.0	0.0	0.06785	0.0	0.0	0.0	0.0	0.0	0.0	0.0	0.0	0.0	0.0	0.0	0.0	0.0	0.0	0.0	0.0	0.0	0.0	0.0	0.0	0.0	0.0	0.0	0.0	0.0	0.0	0.0	0.0	0.0	0.0	0.0	0.0	0.0	0.0	0.0	0.0	0.0	0.0	0.0	0.0	0.0	0.0	0.0	0.60712	0.0	0.0	0.0	0.0	0.0	0.0	0.0	0.0	0.0	0.0	0.0	0.0	0.0	0.0	0.0	0.0	0.0	0.0	0.0	0.0	0.0	0.0	0.0	0.0	0.0	0.0	0.0	0.0	0.0	0.0	0.0	0.0	0.0	0.0	0.0	0.0	0.0	0.0	0.03482	0.0	0.0	0.0	0.0	0.0	0.0	0.0	0.0	0.0	0.0	0.0	0.0	0.0	0.0	0.0	0.0	0.0	0.0	0.0	0.0	0.0	0.0	0.0	0.0	0.0	0.0	0.0	0.0	0.0	0.0	0.0	0.0	0.0	0.0	0.0	0.0	0.0020399999999999997	0.0	0.0	0.0	0.0	0.0	0.0	0.0	0.0	0.0	0.06613	0.0	0.0	0.0	0.0	0.0	0.09335	0.0	0.0	0.0	0.0	0.0	0.0	0.0	0.0	0.0	0.0	0.0	0.0	0.0	0.0	0.0	0.0	0.0914	0.0	0.0	0.0	0.0	0.0	0.0	0.0	0.0	0.0	0.0	0.0	0.0	0.0	0.0	0.0	0.0	0.0	0.0	0.0	0.0	0.0	0.0	0.0	0.0	0.0	0.0	0.0	0.0	0.0	0.0	0.0	0.0	0.0	0.0	0.0	0.0	0.0	0.0	0.0	0.0	0.0	0.0	0.0	0.0	0.0	0.0	0.0	0.0	0.0	0.0	0.0	0.0	0.0	0.0	0.0	0.0	0.0	0.0	0.0	0.0	0.0	0.0	0.0	0.0	0.0	0.0	0.0	0.0	0.0	0.0	0.0
k__Bacteria|p__Lentisphaerae	0.0	0.0	0.0	0.0	0.0	0.0	0.0	0.0	0.0	0.0	0.0	0.00526	0.0	0.0	0.0	0.0	0.0	0.0	0.0	0.0	0.0	0.0	0.0	0.0	0.0	0.0	0.0	0.0	0.0	0.0	0.0	0.0	0.0	0.0	0.0	0.0	0.0	0.0	0.0	0.0	0.0	0.0	0.0	0.0	0.0	0.0	0.0	0.0	0.0	0.0	0.0	0.0	0.0	0.0	0.0	0.0	0.0	0.0	0.0	0.0	0.0	0.0	0.0	0.0	0.0	0.0	0.0	0.0	0.0	0.0	0.0	0.0	0.0	0.0	0.0	0.0	0.0	0.0	0.0	0.0	0.0	0.0	0.0	0.0	0.0	0.0	0.0	0.0	0.0	0.0	0.0	0.0	0.0	0.0	0.01439	0.0	0.0	0.0	0.0	0.0	0.0	0.0	0.0	0.0	0.0	0.0	0.0	0.0	0.0	0.0	0.0	0.0	0.0	0.0	0.0	0.0	0.0	0.0	0.0	0.0	0.0	0.0	0.0	0.0	0.0	0.0	0.0	0.0	0.0	0.0	0.0	0.0	0.0	0.0	0.0	0.0	0.0	0.0	0.0	0.0	0.0	0.0	0.0	0.0	0.0	0.0	0.0	0.0	0.0	0.0	0.0	0.0	0.0	0.0	0.0	0.0	0.0	0.0	0.0	0.0	0.0	0.0	0.0	0.0	0.0	0.0	0.0	0.0	0.0	0.0	0.0	0.0	0.0	0.0	0.01228	0.0	0.0	0.0	0.0	0.0	0.0	0.0	0.0	0.0	0.0	0.0	0.0	0.0072900000000000005	0.0	0.0	0.0	0.0	0.0	0.0	0.0	0.0	0.0	0.0	0.0	0.0	0.0	0.0	0.0	0.0	0.0	0.0	0.0	0.0	0.0	0.0	0.0	0.0	0.0	0.0	0.0	0.0	0.0	0.0	0.0	0.0	0.0	0.0	0.0	0.0	0.0	0.0	0.0	0.0	0.0	0.0	0.0	0.0	0.0	0.0	0.0	0.0	0.0	0.0	0.0	0.0	0.0	0.0	0.0	0.0	0.0	0.0	0.0	0.0	0.0	0.0	0.0	0.0	0.0	0.03659	0.0	0.0	0.0	0.0	0.0	0.0	0.0	0.0	0.0	0.0	0.0	0.0	0.0	0.0	0.0	0.0	0.0	0.0	0.0	0.0	0.0	0.0	0.0	0.0	0.0	0.0	0.0	0.0	0.0	0.0	0.0	0.0	0.0	0.0	0.0	0.0	0.0	0.0	0.0	0.0	0.0	0.0	0.0	0.0	0.0	0.05095	0.0	0.0	0.0	0.0	0.0	0.0	0.0	0.0	0.0	0.0	0.0	0.0	0.0	0.0	0.0	0.0	0.0	0.0	0.0	0.0	0.0	0.0	0.0	0.0	0.0	0.0	0.0	0.0	0.0	0.0	0.0	0.0	0.0	0.0	0.0	0.0	0.0	0.0	0.0	0.0	0.0	0.0	0.0	0.0	0.0	0.0	0.0	0.0	0.0	0.0	0.0	0.0	0.0	0.0	0.0	0.0	0.0	0.0	0.0	0.0	0.0	0.0	0.0	0.0	0.0	0.0	0.0	0.0	0.0	0.0	0.0	0.0	0.0	0.0	0.0	0.0	0.0	0.0	0.0	0.0	0.0	0.0	0.0	0.0	0.0	0.0	0.0	0.0	0.0	0.0	0.0	0.0	0.0	0.0	0.0	0.0	0.0	0.0	0.0	0.0	0.0	0.0	0.0	0.0	0.0	0.0	0.0	0.0	0.0	0.0	0.0	0.0	0.0	0.0	0.0	0.0	0.0	0.0	0.0	0.0	0.0	0.0	0.0	0.0	0.0	0.0	0.0	0.0	0.0	0.0	0.0	0.0	0.0	0.0	0.0	0.0	0.0	0.0	0.0	0.0	0.0	0.0	0.0	0.0	0.0	0.0	0.0	0.0	0.0	0.0	0.0	0.0	0.0	0.0	0.0	0.0	0.0	0.0	0.0	0.0	0.0	0.0	0.0	0.0	0.0	0.0	0.0	0.0	0.0	0.0	0.0	0.0
k__Bacteria|p__Proteobacteria	0.66604	0.03563	0.6814	0.5355300000000001	1.8738700000000001	0.48489	0.08304	4.56329	1.15883	1.56885	0.08038	2.72706	0.24725	0.87505	0.04292	0.06443	1.78957	1.55544	0.02286	0.53991	3.13803	0.26944	0.0	0.95952	0.8920600000000001	0.02949	0.28886999999999996	0.6363300000000001	2.70974	0.10957	0.11788	1.24675	2.0274900000000002	5.860530000000001	0.02323	1.99648	0.006409999999999999	0.0302	11.95679	0.00301	2.1404799999999997	1.4315	0.83088	5.76275	0.80355	0.39365	0.38949	2.4033700000000002	11.313360000000001	0.46395	1.03495	1.68567	0.9845	0.92437	1.01199	1.6906900000000002	0.066	0.30948000000000003	0.29719	0.8938299999999999	1.4047	2.5171900000000003	0.21411999999999998	30.433670000000003	0.78446	4.9196599999999995	6.34828	1.7410400000000001	0.04059	0.11279000000000002	1.9227900000000002	6.33767	0.91619	0.16118	0.18594000000000002	0.43472	3.15326	0.4052	0.82189	0.09233999999999999	0.12226	0.38189	0.009909999999999999	97.31161	1.2282799999999998	1.2022	0.2801	0.9680200000000001	4.43093	2.57136	79.07374	2.62073	3.14265	6.3101199999999995	3.05553	0.10617	0.98216	1.64524	3.9563699999999997	0.81655	0.00939	1.46935	2.0684400000000003	0.03943	19.32346	0.45808000000000004	0.62667	22.40492	0.00386	2.51015	3.7909	6.805389999999999	1.31155	1.34734	0.33585	14.4444	2.31937	0.10082999999999999	53.649390000000004	10.461110000000001	0.71031	1.05059	0.0	0.0	0.07095	0.72124	0.30385999999999996	1.00328	1.7239099999999998	0.57819	0.00278	10.03345	3.87006	0.11205	1.58579	1.05475	0.50879	0.18167	0.0332	0.0	1.01014	0.0	2.70364	0.038380000000000004	1.0148700000000002	47.788740000000004	0.24345	0.00201	0.09194	0.30607	0.42606000000000005	0.2624	0.014730000000000002	0.05256	0.03367	0.30548000000000003	3.34934	1.87043	3.7168	0.0	1.14325	2.2740400000000003	0.25316	0.30241	0.55261	0.0165	70.95662	0.46447	0.9646100000000001	0.04625	0.06427999999999999	0.41798	1.0767	0.07028	1.0620399999999999	0.0	1.69393	1.09146	3.6791400000000003	0.0	0.37422	0.12833	0.0	2.29638	0.16119	0.42575	15.993129999999999	0.08276	7.971239999999999	0.035019999999999996	4.1620099999999995	0.8885200000000001	0.85062	2.06652	17.00624	0.15591	0.01489	0.41239	2.8239	0.03556	0.0	0.89502	16.13425	5.22048	0.8021199999999999	0.54545	0.15182	33.79214	4.27726	1.9881099999999998	0.0	0.0	6.793189999999999	0.08369	1.61913	0.9312600000000001	0.7760199999999999	0.17826	0.19974	3.91416	1.50664	0.16309	0.00082	0.32858000000000004	0.09201000000000001	4.113519999999999	0.12666	2.2269099999999997	0.0	2.78737	1.11189	4.85222	0.22146	0.10462	51.30557	47.77568	0.05445	1.53231	0.89628	0.14135999999999999	0.09826	0.97567	1.1015700000000002	0.57787	0.4196	2.41533	0.07113	0.0	3.08765	0.6464300000000001	0.5009899999999999	1.2621799999999999	0.92632	0.41248999999999997	0.45788	0.0518	0.5240100000000001	0.97954	0.03296	0.0261	0.06355	3.5124	1.74033	0.40228	10.09453	0.60016	3.2959400000000003	1.14519	1.23711	5.23591	4.93107	0.45416999999999996	0.37894	0.0	1.13527	0.13129000000000002	0.45476000000000005	0.5443600000000001	0.70906	13.03283	0.01012	0.0	0.37043000000000004	1.06644	0.31590999999999997	0.08111	6.68575	0.29795	0.25484	0.00856	1.5359399999999999	11.82863	2.92802	0.18834	2.48753	1.99275	0.0020399999999999997	2.95047	0.30280999999999997	0.16128	0.14619000000000001	0.89474	0.15109	0.36913	1.21325	0.50771	0.11416	0.22841999999999998	2.78429	0.49688000000000004	0.6244	1.4041299999999999	0.8137	0.65652	4.5336	0.0	1.33617	0.0366	1.40793	0.88574	2.2378	0.50047	0.019430000000000003	0.043410000000000004	3.99745	0.07036	0.46488999999999997	0.37071	1.9352099999999999	1.5523200000000001	0.7324	0.6812699999999999	2.03875	30.872120000000002	0.54755	2.85235	0.39127	1.0757700000000001	1.42747	0.5645399999999999	18.15653	0.0	0.9199299999999999	1.62032	0.10402	0.0	0.61175	0.0	0.26127	0.27405999999999997	1.0036	2.41278	0.66622	0.30337	1.77605	5.2644400000000005	0.64075	0.39879000000000003	0.37461	0.34291	1.9495900000000002	1.46888	2.19456	0.0541	6.62405	39.34603	0.08536	1.16545	0.07822	0.5879	3.7564300000000004	0.31776	0.45092	0.05346	0.02163	0.0098	1.27839	2.68151	3.10755	3.78519	0.44866999999999996	3.05273	22.87929	4.00591	0.26128	1.06115	0.07431	1.42543	2.2259900000000004	0.09784	1.3705100000000001	0.22926999999999997	1.07544	1.4075799999999998	0.15702	0.2661	4.62057	0.5237	8.25995	0.2646	5.57627	0.34781	2.9947	0.06147999999999999	20.40977	0.11010999999999999	0.9370799999999999	0.25801999999999997	0.42349	0.2042	1.32935	8.164710000000001	0.07875	1.92835	0.12479000000000001	0.01411	0.7206600000000001	0.057929999999999995	0.023459999999999998	1.1243100000000001	0.20688	0.48845	1.40224	0.02671	2.45102	0.1821	1.80582	5.345940000000001	1.12743	92.01781	0.07003999999999999	5.0199	0.01057	8.73047	0.11782000000000001	0.04438	0.5653600000000001	0.04394	5.16367	5.3034	2.85557	7.3862	1.03556	0.17636	10.12627	0.006490000000000001	5.5108	1.3774899999999999	2.81582	0.46342	0.06167	0.18694000000000002	0.63842	0.01695	0.03963	0.19305999999999998	0.00085	0.07289	0.0	1.46432	0.03608	0.04508	0.21405	0.18062999999999999	0.25334	1.2197799999999999	4.0968599999999995	0.3298	0.27638	0.5056	0.12819	0.31914000000000003
k__Bacteria|p__Spirochaetes	0.0	0.0	0.0	0.0	0.0	0.0	0.0	0.0	0.0	0.0	0.0	0.0	0.0	0.0	0.0	0.0	0.0	0.0	0.0	0.0	0.0	0.0	0.0	0.0	0.0	0.0	0.0	0.0	0.0	0.0	0.0	0.0	0.0	0.0	0.0	0.0	0.0	0.0	0.0	0.0	0.0	0.0	0.0	0.0	0.0	0.0	0.0	0.0	0.0	0.0	0.0	0.0	0.0	0.0	0.0	0.0	0.0	0.0	0.0	0.0	0.0	0.0	0.0	0.0	0.0	0.0	0.0	0.0	0.0	0.0	0.0	0.0	0.0	0.0	0.0	0.0	0.0	0.0	0.0	0.0	0.0	0.0	0.0	0.0	0.0	0.0	0.0	0.0	0.0	0.0	0.0	0.0	0.0	0.0	0.0	0.0	0.0	0.0	0.0	0.0	0.0	0.0	0.0	0.0	0.0	0.0	0.0	0.0	0.0	0.0	0.0	0.0	0.0	0.0	0.0	0.0	0.0	0.0	0.0	0.0	0.0	0.0	0.0	0.0	0.0	0.0	0.0	0.0	0.0	0.0	0.0	0.0	0.0	0.0	0.0	0.0	0.0	0.0	0.0	0.0	0.0	0.0	0.0	0.0	0.0	0.0	0.0	0.0	0.0	0.0	0.0	0.0	0.0	0.0	0.0	0.0	0.0	0.0	0.0	0.0	0.0	0.0	0.0	0.0	0.0	0.0	0.0	0.0	0.0	0.0	0.0	0.0	0.0	0.0	0.0	0.0	0.0	0.0	0.0	0.0	0.0	0.0	0.0	0.0	0.0	0.0	0.0	0.0	0.0	0.0	0.0	0.0	0.0	0.0	0.0	0.0	0.0	0.0	0.0	0.0	0.0	0.0	0.0	0.0	0.0	0.0	0.0	0.0	0.0	0.0	0.0	0.0	0.0	0.0	0.0	0.0	0.0	0.0	0.0	0.0	0.0	0.0	0.0	0.0	0.0	0.0	0.0	0.0	0.0	0.0	0.0	0.0	0.0	0.0	0.0	0.0	0.0	0.0	0.0	0.0	0.0	0.0	0.0	0.0	0.0	0.0	0.0	0.27466999999999997	0.0	0.0	0.0	0.0	0.0	0.0	0.0	0.0	0.0	0.0	0.0	0.0	0.0	0.0	0.0	0.0	0.0	0.0	0.0	0.0	0.0	0.0	0.0	0.0	0.0	0.0	0.0	0.0	0.0	0.0	0.0	0.0	0.0	0.0	0.0	0.0	0.0	0.0	0.0	0.0	0.0	0.0	0.0	0.0	0.0	0.0	0.0	0.0	0.0	0.0	0.0	0.0	0.0	0.0	0.0	0.0	0.0	0.0	0.0	0.0	0.0	0.0	0.0	0.0	0.0	0.0	0.0	0.0	0.0	0.0	0.0	0.0	0.0	0.0	0.0	0.0	0.0	0.0	0.0	0.0	0.0	0.0	0.0	0.0	0.0	0.0	0.0	0.0	0.0	0.0	0.0	0.0	0.0	0.0	0.0	0.0	0.0	0.0	0.0	0.0	0.0	0.0	0.0	0.0	0.0	0.0	0.0	0.0	0.0	0.0	0.0	0.0	0.0	0.0	0.0	0.0	0.0	0.0	0.0	0.0	0.0	0.0	0.0	0.0	0.0	0.0	0.0	0.0	0.0	0.0	0.0	0.0	0.0	0.0	0.0	0.0633	0.0	0.0	0.0	0.0	0.0	0.0	0.0	0.0	0.0	0.0	0.0	0.0	0.0	0.0	0.0	0.0	0.0	0.0	0.0	0.0	0.0	0.0	0.0	0.0	0.0	0.0	0.0	0.0	0.0	0.0	0.0	0.0	0.0	0.0	0.0	0.0	0.0	0.0	0.0	0.0	0.0	0.0	0.0	0.0	0.0	0.0	0.0	0.0	0.0	0.0	0.0	0.0	0.0	0.0	0.0	0.0	0.0	0.0	0.0	0.0	0.0	0.0	0.0	0.0	0.0	0.0	0.0	0.0	0.0	0.0	0.0	0.0	0.0	0.0	0.0	0.0	0.0	0.0	0.0	0.0	0.0	0.0	0.0	0.0	0.0	0.0	0.0	0.0
k__Bacteria|p__Synergistetes	0.0	0.0	0.0	0.0	0.0	0.0	0.0	0.0	0.0	0.0	0.0	0.0	0.0	0.0	0.01766	0.0	0.0	0.0	0.0	0.0	0.0	0.0	0.0	0.0	0.0	0.0	0.0	0.0	0.0	0.0	0.0	0.0	0.0	0.0	0.0	0.0	0.0	0.0	0.0	0.0	0.0	0.0	0.0	0.0	0.0	0.0	0.0	0.0	0.10815999999999999	0.0	0.0	0.0	0.0	0.0	0.0	0.0	0.0	0.0	0.0	0.0	0.0	0.0	0.0	0.0	0.0	1.3577299999999999	2.58573	0.0	0.0	0.0	0.0	0.0	0.02817	0.0	0.0	0.0	0.0	0.0	0.0	0.0	0.0	0.0	0.0	0.0	0.0	0.0	0.0	0.0	0.0	0.0	0.0	0.82752	0.0	0.0	0.0142	0.0	0.0	0.0	0.0	0.0	0.0	0.0	0.0	0.0	0.0	0.0	0.0	0.0	0.0	0.0	0.0	0.0	0.0	0.0	0.0	0.0	0.01725	0.0	0.0	0.0	0.0	0.0	0.0	0.0	0.0	0.0	0.0	0.0	0.0	0.0	0.0	0.0	0.0	0.0	0.0	0.0	0.0	0.0	0.0	0.0	0.0	0.0	0.0	0.0	0.0	0.20826	0.0	0.0	0.0	0.0	0.0	0.0	0.0	0.0	0.0	0.0	0.0	0.0	0.0	0.0	0.0	0.0	0.0	0.0	0.0	0.0	0.0	0.0	0.0	0.0	0.0	0.0	0.0	0.0	0.0	0.0	0.0	0.0	0.0	0.0	0.0	0.0	0.0	0.0	0.0	0.0	4.29185	0.0	0.0	0.0	0.0	0.0	0.0	0.0	0.0	0.0	0.0	0.0	0.0	0.0	0.0	0.0	0.0	0.0	0.0	0.0	0.0	0.0	0.0	0.0	0.0	0.0	2.99053	0.0	0.0	0.0	0.0	0.0	0.0	0.0	0.0	0.0	0.0	0.0	0.0	0.0	0.0	0.0	0.0	0.0	0.0	0.0	0.0	0.0	0.0	0.0	0.0	0.0	0.0	0.0	0.0	0.0	0.0	0.0	0.0	0.0	0.0	0.0	0.0	0.0	0.0	0.0	0.0	0.0	0.0	0.0	0.0	0.0	0.0	0.0	0.0	0.0	0.0	0.0	0.0	0.0	0.0	0.0	0.0	0.0	0.0	0.0	0.0	0.0	0.0	0.0	0.0	0.0	0.0	0.0	0.0	0.0	0.0	0.0	0.0	0.0	0.0	0.0	0.0	0.0	0.0	0.21486	0.0	0.0	0.0	0.0	0.0	0.0	0.0	0.0	0.0	0.0	0.0	0.0	0.0	0.0	0.0	0.0	0.0	0.0	0.0	0.0	0.0	0.0	0.0	0.0	0.0	0.0	0.0	0.0	0.0	0.0	0.0	0.0	0.0	0.0	0.0	0.0	0.0	0.0	0.0	0.0	0.0	0.0	0.0	0.0	0.0	0.0	0.0	0.0	0.0	0.0	0.0	0.0	0.0	0.0	0.0	0.0	0.0	0.0	0.0	0.0	0.0	0.0	0.0	0.0	0.0	0.0	0.0	0.0	0.0	0.0	0.0	0.0	0.0	0.0	0.0	0.0	0.0	0.0	0.0	0.0	0.0	0.0	0.0	0.0	0.0	0.0	0.0	0.0	0.0	0.0	0.0	0.15261	0.0	0.0	0.0	0.0	0.0	0.0	0.0	0.0	0.0	0.0	0.0	0.0	0.0	0.0	0.0	0.0	0.0	0.0	0.0	0.0	0.0	0.0	0.0	0.0	0.0	0.0	0.0	0.0	0.0	0.0	0.0	0.0	0.0	0.0	0.0	0.0	0.0	0.0	0.0	0.0	0.0	0.0	0.0	0.0	0.0	0.0	0.0	0.0	0.0	0.0	0.0	0.0	0.0	0.0	0.0	0.0	0.0	0.0	0.0	0.0	0.0	0.0	0.0	0.0	0.0	0.0	0.0	0.0	0.0	0.0	0.0	0.0	0.0	0.0	0.0	0.0	0.0	0.0	0.0	0.0	0.0	0.0	0.0	0.0	0.0	0.0	0.0	0.0
k__Bacteria|p__Verrucomicrobia	0.0	0.10400999999999999	0.0	0.0	13.146970000000001	1.98986	0.0	0.0	0.29481	0.0	0.0	0.02496	0.08698	2.5765	0.0	0.0	0.15439	0.0	0.0	4.52091	0.0	0.0	0.0	0.0	0.0	0.0	0.026889999999999997	0.0	0.0	0.0	0.0	0.0	0.0	0.0	0.0	0.0	0.0	0.61235	0.06774	0.0	0.0	0.0	0.0	0.0	0.0	0.0	0.0	0.0	0.10023	0.0	0.0	0.0	0.0	0.0	3.5108800000000002	0.09077	0.0	0.0	0.0	0.0	0.0	0.0	0.0	0.0	0.0	2.31125	7.22865	0.0	0.0	0.0	0.0	0.0	1.26806	0.0	0.00278	0.0	0.0	0.0	0.0	0.0	2.64155	0.0	0.0	0.0	0.0	0.0	0.0	2.04513	0.0	0.0	0.0	0.0901	0.0	0.0	0.00066	0.0	0.01005	0.0	0.81391	0.0	0.0	6.39754	0.0	0.0	0.0	0.0	0.07339	0.0	0.0	0.0	0.0	7.0461800000000006	0.0	0.0	0.0	0.0	0.024630000000000003	0.0	0.0	0.0	0.0	0.0	0.0	0.0	0.59383	0.0	0.0	0.0	2.5436900000000002	0.20064	0.0	0.0	0.1646	0.01549	1.1522700000000001	0.0	0.0	0.0	0.0	0.0	0.0	0.0	1.52839	0.0	0.0	0.6137100000000001	0.0	0.0	0.0	0.0	0.0	0.25235	0.0	0.0	0.0	0.0	0.0	0.0	0.0	0.0	0.0	0.00886	0.0	0.0	0.0	0.0	0.0	0.0	1.2349	0.0	0.03477	0.27965	0.0	0.0	0.0	0.0	0.23462	0.059739999999999994	0.02652	0.0	0.11713	0.0	0.0	0.0	0.0	0.004	8.79952	0.0	0.0	0.0	0.0	0.22666999999999998	1.0317100000000001	0.0	0.0	0.0	0.0	5.071359999999999	0.0	0.0	0.0	0.0	4.24944	0.0	1.27304	0.0	0.0	0.0	0.0	0.0	0.0	0.0	3.58521	0.0	0.0	0.0	12.15095	0.0	0.0	0.0	1.71127	0.0	2.25782	0.0	0.08797	0.0	0.15833	0.0	0.0	0.0	0.0	54.699740000000006	0.0	0.0	0.0	0.0	0.11084000000000001	0.03614	8.07589	0.0	3.03035	0.0	0.0	0.0	0.0	0.0	0.0	0.0	0.0	0.17015	0.47528000000000004	0.12604	0.0	0.01983	1.57545	0.01267	0.51866	6.37368	0.0	0.0	0.07361000000000001	0.0	0.0	0.0	0.0	0.0	1.26756	20.990070000000003	0.0	0.0	0.0	0.0	0.0	0.0	0.0	0.0	0.0	0.0	0.0	0.0	0.0	0.0	22.9582	0.0	0.0	0.0	0.0	0.0	0.0	0.0	12.55182	0.1393	0.0	0.0	0.0	0.0	0.0	0.027860000000000003	0.0	0.18045999999999998	0.0	0.08727	0.0	0.0	2.6541799999999998	0.0	0.0	0.0	3.42355	0.04917	0.0	75.96712	0.024380000000000002	0.0	0.0	0.0	0.0	0.0	3.20777	0.0	0.0	0.0	0.09919	0.0	0.0	0.0	0.0	0.0	0.0	0.0	10.93618	0.0	0.0	0.0	0.013040000000000001	0.0	0.0	0.0	0.0	3.02077	0.21309	0.0	0.0	0.0	0.01715	0.0	0.0	4.80816	0.0	0.0	0.44756999999999997	0.09265	0.0	3.5531599999999997	0.0	0.0	0.05437	0.0	0.0	0.0	0.00718	0.07799	6.71465	0.0	0.0	0.0	0.00236	0.01711	0.0	0.0	0.010440000000000001	2.04815	1.91042	0.0	0.00093	0.0	0.80298	0.02021	0.12871	0.0	0.1209	0.0	0.0	0.0	0.0	0.0	0.08775	0.9240200000000001	0.0	0.15005	0.0	0.0	0.0135	0.0	0.0	0.0	0.0	0.03147	0.0	0.0	0.0	0.0	0.10635	0.015090000000000001	0.0	0.042480000000000004	0.0	0.0	0.0	3.8921900000000003	0.0	0.0	0.0	0.0	0.0	0.0	0.0	0.0	0.0	1.36449	0.00502	0.18227000000000002	0.2619	0.0	0.0	0.0	0.0	0.0	0.64159	0.0	19.89953	0.0	0.0	3.4327	0.054020000000000006	0.0	0.26318	0.0	0.0	0.0	0.0	0.0	0.0	0.0	0.0	0.0	0.83049	0.0	1.9594799999999999	0.00594	0.04697	0.0	0.00535	1.14283	0.0	0.0	0.0	0.0	0.06951	0.0	0.0	0.0	0.0	0.0	0.0	0.0	0.0	7.37502	8.50174	0.0	0.1967	0.07229
k__Eukaryota|p__Ascomycota	0.0	0.0	0.0	0.0	0.0	0.0	0.0	0.0	0.0	0.0	0.0	0.0	0.0	0.0	0.0	0.0	0.0	0.0	0.0	0.0	0.0	0.0	0.0	0.0	0.0	0.0	0.0	0.0	0.0	0.0	0.0	0.0	0.0	0.0	0.0	0.0	0.0	0.0	0.0	0.0	0.0	0.0	0.0	0.0	0.0	0.0	0.0	0.0	0.0	0.0	0.0	0.0	0.0	0.0	0.0	0.0	0.0	0.0	0.0	0.0	0.0	0.0	0.0	0.0	0.0	0.0	0.0	0.0	0.0	0.0	0.0	0.0	0.0	0.0	0.0	0.0	0.0	0.0	0.0	0.0	0.0	0.0	0.0	0.0	0.0	0.0	0.0	0.0	0.0	0.0	0.0	0.0	0.0	0.0	0.0	0.0	0.0	0.0	0.0	0.0	0.0	0.0	0.0	0.0	0.0	0.0	0.0	0.0	0.0	0.0	0.0	0.0	0.0	0.0	0.0	0.0	0.0	0.0	0.0	0.0	0.0	0.0	0.0	0.0	0.0	0.0	0.0	0.0	0.0	0.0	0.0	0.0	0.0	0.0	0.0	0.0	0.0	0.0	0.0	0.0	0.0	0.0	0.0	0.0	0.0	0.0	0.0	0.0	0.0	0.0	0.0	0.0	0.0	0.0	0.0	0.0	0.0	0.0	0.0	0.0	0.0	0.0	0.0	0.0	0.0	0.0	0.0	0.0	0.0	0.0	0.0	0.0	0.0	0.0	0.0	0.0	0.0	0.0	0.0	0.0	0.0	0.0	0.0	0.0	0.0	0.0	0.0	0.0	0.0	0.0	0.0	0.0	0.0	0.0	0.0	0.0	0.0	0.0	0.0	0.0	0.0	0.0	0.0	0.0	0.0	0.0	0.0	0.0	0.0	0.0	0.0	0.0	0.0	0.0	0.0	0.0	0.0	0.0	0.0	0.0	0.0	0.0	0.0	0.0	0.0	0.0	0.0	0.0	0.0	0.0	0.0	0.0	0.0	0.0	0.0	0.0	0.0	0.0	0.0	0.0	0.0	0.0	0.0	0.0	0.0	0.0	0.0	0.0	0.0	0.0	0.0	0.0	0.0	0.0	0.0	0.0	0.0	0.0	0.0	0.0	0.0	0.0	0.0	0.0	0.0	0.0	0.0	0.0	0.0	0.0	0.0	0.0	0.0	0.0	0.0	0.0	0.0	0.0	0.0	0.0	0.0	0.0	0.0	0.0	0.0	0.0	0.0	0.0	0.0	0.0	0.0	0.0	0.0	0.0	0.0	0.0	0.0	0.0	0.0	0.0	0.0	0.0	0.0	0.0	0.0	0.0	0.0	0.0	0.0	0.0	0.0	0.0	0.0	0.0	0.0	0.0	0.0	0.0	0.0	0.0	0.0	0.0	0.0	0.0	0.0	0.0	0.0	0.0	0.0	0.0	0.0	0.0	0.0	0.0	0.0	0.0	0.0	0.0	0.0	0.0	0.0	0.0	0.0	0.0	0.0	0.0	0.0	0.0	0.0	0.0	0.0	0.0	0.0	0.0	0.0	0.0	0.0	0.0	0.0	0.0	0.0	0.0	0.0	0.0	0.0	0.0	0.0	0.0	0.0	0.0	0.02327	0.0	0.0	0.0	0.0	0.0	0.0	0.0	0.0	0.0	0.0	0.0	0.0	0.0	0.0	0.0	0.0	0.0	0.0	0.0	0.0	0.0	0.0	0.0	0.0	0.0	0.0	0.0	0.0	0.0	0.0	0.0	0.0	0.0	0.0	0.0	0.0	0.0	0.0	0.0	0.0	0.0	0.0	0.0	0.0	0.0	0.0	0.0	0.0	0.0	0.0	0.0	0.0	0.0	0.0	0.0	0.0	0.0	0.0	0.0	0.0	0.0	0.0	0.0	0.0	0.0	0.0	0.0	0.0	0.0	0.0	0.00098	0.0	0.0	0.0	0.0	0.0	0.0	0.0	0.0	0.0	0.0	0.0	0.0	0.0	0.0	0.0	0.0	0.0	0.0	0.0	0.0	0.0	0.0	0.0	0.0	0.0	0.0	0.0	0.0	0.0	0.0
k__Eukaryota|p__Eukaryota_unclassified	0.0	0.0	0.0	0.0	0.0	0.0	0.0	0.0	0.0	0.0	0.0	0.0	0.0	0.0	0.0	0.0	0.0	0.0	0.0	0.0	0.0	0.0	0.0	0.0	0.0	0.0	0.0	0.0	0.0	0.0	0.0	0.0	0.0	0.0	0.0	0.0	0.0	0.0	0.0	0.0	0.0	0.0	0.0	0.0	0.0	0.0	0.0	0.0	0.0	0.0	0.0	0.0	0.0	0.0	0.0	0.0	0.0	0.0	0.0	0.0	0.0	0.0	0.0	0.0	0.0	0.0	0.0	0.0	0.0	0.0	0.0	0.0	0.0	0.0	0.0	0.0	0.0	0.0	0.0	0.0	0.0	0.0	0.0	0.0	0.0	0.0	0.0	0.0	0.0	0.0	0.0	0.0	0.0	0.0	0.0	0.0	0.0	0.0	0.0	0.0	0.0	0.0	0.0	0.0	0.0	0.0	0.0	0.0	0.0	0.0	0.0	0.0	0.0	0.0	0.0	0.0	0.0	0.0	0.0	0.0	0.0	0.0	0.0	0.0	0.0	0.0	0.0	0.0	0.0	0.0	0.0	0.0	0.0	0.0	0.0	0.0	0.0	0.0	0.0	0.0	0.0	0.0	0.0	0.0	0.0	0.0	0.0	0.0	0.0	0.0	0.0	0.0	0.0	0.0	0.0	0.0	0.0	0.0	0.0	0.0	0.0	0.0	0.0	0.0	0.0	0.0	0.0	0.0	0.0	0.0	0.0	0.0	0.0	0.0	0.0	0.0	0.0	0.0	0.0	0.0	0.0	0.0	0.0	0.0	0.0	0.0	0.0	0.0	0.0	0.0	0.0	0.0	0.0	0.0	0.0	0.0	0.0	0.0	0.0	0.0	0.0	0.0	0.0	0.0	0.0	0.0	0.0	0.0	0.0	0.0	0.0	0.0	0.0	0.0	0.0	0.0	0.0	0.0	0.0	0.0	0.0	0.0	0.0	0.0	0.0	0.0	0.0	0.0	0.0	0.0	0.0	0.0	0.0	0.0	0.0	0.0	0.0	0.0	0.0	0.0	0.0	0.0	0.0	0.0	0.0	0.0	0.0	0.0	0.0	0.0	0.0	0.0	0.0	0.0	0.0	0.0	0.0	0.0	0.0	0.0	0.0	0.0	0.0	0.0	0.0	0.0	0.0	0.0	0.0	0.0	0.0	0.0	0.0	0.0	0.0	0.0	0.0	0.0	0.0	0.0	0.0	0.0	0.0	0.0	0.0	0.0	0.0	0.0	0.0	0.0	0.0	0.0	0.0	0.0	0.0	0.0	0.0	0.0	0.0	0.0	0.0	0.0	0.0	0.0	0.0	0.0	0.0	0.0	0.0	0.0	0.0	0.0	0.0	0.0	0.0	0.0	0.0	0.0	0.0	0.0	0.0	0.0	0.0	0.0	0.0	0.0	0.0986	0.0	0.0	0.0	0.0	0.0	0.0	0.0	0.0	0.0	0.0	0.0	0.00821	0.0	0.0	0.0	0.0	0.0	0.0	0.0	0.0	0.0	0.0	0.0	0.0	0.0	0.0	0.0	0.0	0.0	0.0	0.0	0.0	0.0	0.0	0.0	0.0	0.0	0.0	0.0	0.0	0.0	0.0	0.0	0.0	0.0	0.0	0.0	0.0	0.0	0.0	0.0	0.0	0.0	0.0	0.0	0.0	0.0	0.0	0.0	0.0	0.0	0.0	0.0	0.0	0.0	0.0	0.0	0.0	0.0	0.0	0.0	0.0	0.0	0.0	0.0	0.0	0.0	0.0	0.0	0.0	0.0	0.0	0.0	0.0	0.0	0.0	0.0	0.0	0.0	0.0	0.0	0.0	0.0	0.0	0.0	0.0	0.0	0.0	0.0	0.0	0.0	0.0	0.0	0.0	0.0	0.0	0.0	0.0	0.0	0.0	0.0	0.0	0.0	0.0	0.0	0.0	0.0	0.0	0.0	0.0	0.0	0.0	0.0	0.0	0.0	0.0	0.0	0.0	0.0	0.0	0.0	0.0	0.0	0.0	0.0	0.0	0.0	0.0	0.0	0.0	0.0	0.0	0.0	0.0	0.0
